repository,package,installed_version,vulnerability_id,severity,fixed_version,dependency_type
CoPeP,gitpython,3.1.46,GHSA-rpm5-65cw-6hj4,High,3.1.47,python
CoPeP,pyarrow,23.0.0,GHSA-rgxp-2hwp-jwgg,High,23.0.1,python
CoPeP,urllib3,2.6.3,GHSA-mf9v-mfxr-j63j,High,2.7.0,python
CoPeP,pillow,12.1.0,GHSA-whj4-6x5x-4v2j,High,12.2.0,python
CoPeP,gitpython,3.1.46,GHSA-x2qx-6953-8485,High,3.1.47,python
CoPeP,tornado,6.5.4,GHSA-mgf9-4vpg-hj56,High,6.5.6,python
CoPeP,transformers,5.2.0,GHSA-fgcw-684q-jj6r,High,5.5.0,python
CoPeP,pillow,12.1.0,GHSA-62p4-gmf7-7g93,High,12.3.0,python
CoPeP,transformers,5.2.0,GHSA-29pf-2h5f-8g72,High,5.3.0,python
CoPeP,pillow,12.1.0,GHSA-xj96-63gp-2gmr,High,12.3.0,python
CoPeP,pillow,12.1.0,GHSA-vjc4-5qp5-m44j,High,12.3.0,python
CoPeP,pillow,12.1.0,GHSA-45hq-cxwh-f6vc,High,12.3.0,python
CoPeP,pillow,12.1.0,GHSA-5x94-69rx-g8h2,High,12.3.0,python
CoPeP,pillow,12.1.0,GHSA-phj9-mv4w-65pm,High,12.3.0,python
CoPeP,gitpython,3.1.46,GHSA-7545-fcxq-7j24,High,3.1.48,python
CoPeP,pillow,12.1.0,GHSA-8v84-f9pq-wr9x,High,12.3.0,python
CoPeP,pillow,12.1.0,GHSA-cfh3-3jmp-rvhc,High,12.1.1,python
CoPeP,tornado,6.5.4,GHSA-qjxf-f2mg-c6mc,High,6.5.5,python
CoPeP,pillow,12.1.0,GHSA-9hw9-ch79-4vh6,High,12.3.0,python
CoPeP,pillow,12.1.0,GHSA-6r8x-57c9-28j4,High,12.3.0,python
CoPeP,pillow,12.1.0,GHSA-jjj6-mw9f-p565,High,12.3.0,python
CoPeP,tornado,6.5.4,GHSA-3x9g-8vmp-wqvf,High,6.5.6,python
CoPeP,aiohttp,3.13.3,GHSA-m5qp-6w8w-w647,Medium,3.13.4,python
CoPeP,aiohttp,3.13.3,GHSA-w2fm-2cpv-w7v5,Medium,3.13.4,python
CoPeP,aiohttp,3.13.3,GHSA-p998-jp59-783m,Medium,3.13.4,python
CoPeP,urllib3,2.6.3,GHSA-qccp-gfcp-xxvc,High,2.7.0,python
CoPeP,aiohttp,3.13.3,GHSA-g3cq-j2xw-wf74,Medium,3.14.1,python
CoPeP,idna,3.11,GHSA-65pc-fj4g-8rjx,Medium,3.15,python
CoPeP,setuptools,80.10.2,GHSA-h35f-9h28-mq5c,Medium,83.0.0,python
CoPeP,aiohttp,3.13.3,GHSA-cq5v-8q36-5273,High,3.14.3,python
CoPeP,pillow,12.1.0,GHSA-pg7v-jwj7-p798,Medium,12.3.0,python
CoPeP,aiohttp,3.13.3,GHSA-63hf-3vf5-4wqf,Low,3.13.4,python
CoPeP,aiohttp,3.13.3,GHSA-63hw-fmq6-xxg2,Medium,3.14.1,python
CoPeP,gitpython,3.1.46,GHSA-v87r-6q3f-2j67,High,3.1.49,python
CoPeP,pillow,12.1.0,GHSA-fj7v-r99m-22gq,Medium,12.3.0,python
CoPeP,aiohttp,3.13.3,GHSA-mq44-7p77-q5h7,Medium,3.14.2,python
CoPeP,aiohttp,3.13.3,GHSA-xcgm-r5h9-7989,Medium,3.14.1,python
CoPeP,tornado,6.5.4,GHSA-fqwm-6jpj-5wxc,High,6.5.5,python
CoPeP,aiohttp,3.13.3,GHSA-c427-h43c-vf67,Medium,3.13.4,python
CoPeP,aiohttp,3.13.3,GHSA-4fvr-rgm6-gqmc,Medium,3.14.1,python
CoPeP,flash-attn,2.8.3,GHSA-7g5w-pq96-8c5w,High,,python
CoPeP,aiohttp,3.13.3,GHSA-mfx4-hv73-q22v,Medium,3.14.2,python
CoPeP,aiohttp,3.13.3,GHSA-hcc4-c3v8-rx92,Low,3.13.4,python
CoPeP,pillow,12.1.0,GHSA-pwv6-vv43-88gr,High,12.2.0,python
CoPeP,aiohttp,3.13.3,GHSA-966j-vmvw-g2g9,Low,3.13.4,python
CoPeP,tornado,6.5.4,GHSA-cx3h-4qpv-8hc9,Low,6.5.6,python
CoPeP,aiohttp,3.13.3,GHSA-3wq7-rqq7-wx6j,Low,3.13.4,python
CoPeP,aiohttp,3.13.3,GHSA-jg22-mg44-37j8,Medium,3.14.0,python
CoPeP,aiohttp,3.13.3,GHSA-hpj7-wq8m-9hgp,Medium,3.14.1,python
CoPeP,aiohttp,3.13.3,GHSA-2vrm-gr82-f7m5,Low,3.13.4,python
CoPeP,aiohttp,3.13.3,GHSA-hg6j-4rv6-33pg,Medium,3.14.0,python
CoPeP,aiohttp,3.13.3,GHSA-m6qw-4cw2-hm4m,Low,3.14.0,python
CoPeP,requests,2.32.5,GHSA-gc5v-m9x4-r6x2,Medium,2.33.0,python
CoPeP,pillow,12.1.0,GHSA-4x4j-2g7c-83w6,Medium,12.3.0,python
CoPeP,aiohttp,3.13.3,GHSA-mwh4-6h8g-pg8w,Low,3.13.4,python
CoPeP,aiohttp,3.13.3,GHSA-4m7w-qmgq-4wj5,Low,3.14.1,python
CoPeP,pillow,12.1.0,GHSA-5xmw-vc9v-4wf2,Medium,12.2.0,python
CoPeP,aiohttp,3.13.3,GHSA-9x8q-7h8h-wcw9,Low,3.14.1,python
CoPeP,pillow,12.1.0,GHSA-r73j-pqj5-w3x7,Medium,12.2.0,python
CoPeP,torch,2.10.0,GHSA-rrmf-rvhw-rf47,Low,2.13.0,python
CoPeP,aiohttp,3.13.3,GHSA-2fqr-mr3j-6wp8,Low,3.14.1,python
CoPeP,pillow,12.1.0,GHSA-wjx4-4jcj-g98j,Medium,12.2.0,python
CoPeP,pygments,2.19.2,GHSA-5239-wwwm-4pmq,Low,2.20.0,python
CoPeP,gitpython,3.1.46,GHSA-2f96-g7mh-g2hx,High,3.1.51,python
CoPeP,gitpython,3.1.46,GHSA-3f7w-8rr8-f37f,High,3.1.57,python
CoPeP,gitpython,3.1.46,GHSA-3rp5-jjmw-4wv2,High,3.1.53,python
CoPeP,gitpython,3.1.46,GHSA-4gmw-gg2m-w46p,High,3.1.58,python
CoPeP,gitpython,3.1.46,GHSA-6p8h-3wgx-97gf,High,3.1.54,python
CoPeP,gitpython,3.1.46,GHSA-94p4-4cq8-9g67,High,3.1.55,python
CoPeP,gitpython,3.1.46,GHSA-956x-8gvw-wg5v,High,3.1.51,python
CoPeP,gitpython,3.1.46,GHSA-9rj7-rf2p-w77r,High,3.1.58,python
CoPeP,gitpython,3.1.46,GHSA-fjr4-x663-mwxc,High,3.1.54,python
CoPeP,gitpython,3.1.46,GHSA-hmq2-w58f-27jc,High,3.1.58,python
CoPeP,gitpython,3.1.46,GHSA-jm78-9fvv-mhgr,High,3.1.58,python
CoPeP,gitpython,3.1.46,GHSA-mv93-w799-cj2w,High,3.1.50,python
CoPeP,gitpython,3.1.46,GHSA-r9mr-m37c-5fr3,High,3.1.54,python
CoPeP,gitpython,3.1.46,GHSA-rwj8-pgh3-r573,High,3.1.52,python
CoPeP,gitpython,3.1.46,GHSA-wvpp-8hx9-p66j,High,3.1.58,python
CoPeP,hydra-core,1.3.2,GHSA-2cp2-2r3c-7p7r,High,1.3.4,python
CoPeP,msgpack,1.1.2,GHSA-6v7p-g79w-8964,High,1.2.1,python
CoPeP,gitpython,3.1.46,GHSA-539m-9xh6-q6rr,Medium,3.1.57,python
CoPeP,gitpython,3.1.46,GHSA-hh9p-6wh2-4mfc,Medium,3.1.58,python
CoPeP,gitpython,3.1.46,GHSA-p538-c434-8v24,Medium,3.1.56,python
CoPeP,tornado,6.5.4,GHSA-78cv-mqj4-43f7,Medium,6.5.5,python
CoPeP,tornado,6.5.4,GHSA-pw6j-qg29-8w7f,Medium,6.5.7,python
cycode-cli,urllib3,2.6.3,GHSA-mf9v-mfxr-j63j,High,2.7.0,python
cycode-cli,urllib3,2.6.3,GHSA-qccp-gfcp-xxvc,High,2.7.0,python
cycode-cli,setuptools,82.0.1,GHSA-h35f-9h28-mq5c,Medium,83.0.0,python
cycode-cli,marshmallow,4.0.1,GHSA-428g-f7cq-pgp5,Medium,4.1.2,python
cycode-cli,cryptography,49.0.0,GHSA-g6cj-pr64-35w5,High,50.0.0,python
cycode-cli,requests,2.32.5,GHSA-gc5v-m9x4-r6x2,Medium,2.33.0,python
cycode-cli,pytest,8.4.2,GHSA-6w46-j5rx-g56g,Medium,9.0.3,python
cycode-cli,gitpython,3.1.57,GHSA-4gmw-gg2m-w46p,High,3.1.58,python
cycode-cli,gitpython,3.1.57,GHSA-9rj7-rf2p-w77r,High,3.1.58,python
cycode-cli,gitpython,3.1.57,GHSA-hmq2-w58f-27jc,High,3.1.58,python
cycode-cli,gitpython,3.1.57,GHSA-jm78-9fvv-mhgr,High,3.1.58,python
cycode-cli,gitpython,3.1.57,GHSA-wvpp-8hx9-p66j,High,3.1.58,python
cycode-cli,gitpython,3.1.57,GHSA-hh9p-6wh2-4mfc,Medium,3.1.58,python
openhands,nanoid,3.3.17,GHSA-2v37-7h3g-55p8,High,3.3.18,npm
openhands,dompurify,3.4.12,GHSA-55q2-fjhq-7xh7,Medium,3.4.13,npm
openpiv-python,pytest,7.4.4,GHSA-6w46-j5rx-g56g,Medium,9.0.3,python
pypi-browser,setuptools,69.5.1,GHSA-cx63-2mw6-8hw5,High,70.0.0,python
pypi-browser,virtualenv,20.26.2,GHSA-rqc4-2hc7-8c8v,High,20.26.6,python
pypi-browser,setuptools,69.5.1,GHSA-5rjg-fvgr-3xxf,High,78.1.1,python
pypi-browser,starlette,0.37.2,GHSA-86qp-5c8j-p5mr,Medium,1.0.1,python
pypi-browser,starlette,0.37.2,GHSA-f96h-pmfr-66vw,High,0.40.0,python
pypi-browser,h11,0.14.0,GHSA-vqfr-h8mv-ghfj,Critical,0.16.0,python
pypi-browser,certifi,2024.2.2,GHSA-248v-346w-9cwc,Low,2024.7.4,python
pypi-browser,jinja2,3.1.4,GHSA-q2x7-8rv6-6q7h,Medium,3.1.5,python
pypi-browser,starlette,0.37.2,GHSA-82w8-qh3p-5jfq,High,1.3.1,python
pypi-browser,starlette,0.37.2,GHSA-wqp7-x3pw-xc5r,High,1.1.0,python
pypi-browser,starlette,0.37.2,GHSA-2c2j-9gv5-cj73,Medium,0.47.2,python
pypi-browser,jinja2,3.1.4,GHSA-cpwx-vrp4-4pq7,Medium,3.1.6,python
pypi-browser,lxml,5.2.2,GHSA-vfmq-68hx-4jfw,High,6.1.0,python
pypi-browser,idna,3.7,GHSA-65pc-fj4g-8rjx,Medium,3.15,python
pypi-browser,setuptools,69.5.1,GHSA-h35f-9h28-mq5c,Medium,83.0.0,python
pypi-browser,jinja2,3.1.4,GHSA-gmj6-6f8f-6699,Medium,3.1.5,python
pypi-browser,filelock,3.14.0,GHSA-w853-jp5j-5j7f,Medium,3.20.1,python
pypi-browser,starlette,0.37.2,GHSA-x746-7m8f-x49c,Medium,1.1.0,python
pypi-browser,pytest,8.2.0,GHSA-6w46-j5rx-g56g,Medium,9.0.3,python
pypi-browser,starlette,0.37.2,GHSA-jp82-jpqv-5vv3,Low,1.3.0,python
pypi-browser,filelock,3.14.0,GHSA-qmgc-5h2g-mvrw,Medium,3.20.3,python
pypi-browser,pygments,2.18.0,GHSA-5239-wwwm-4pmq,Low,2.20.0,python
pypi-browser,virtualenv,20.26.2,GHSA-597g-3phw-6986,Medium,20.36.1,python
pypi-browser,pypa/gh-action-pypi-publish,release/v1,GHSA-vxmw-7h4f-hqxh,Low,1.13.0,github-action
seed,tar,2.2.2,GHSA-3jfq-g458-7qm9,High,3.2.2,npm
seed,angular,1.8.3,GHSA-prc3-vjfx-vhm9,Medium,,npm
seed,angular,1.8.3,GHSA-m2h2-264f-f486,Medium,,npm
seed,angular,1.8.3,GHSA-4w4v-5hc9-xrr2,High,,npm
seed,got,7.1.0,GHSA-pfrx-2q88-qq97,Medium,11.8.5,npm
seed,tar,2.2.2,GHSA-5955-9wpr-37jh,High,4.4.18,npm
seed,angular,1.8.3,GHSA-2qqx-w9hr-q5gx,Medium,,npm
seed,angular,1.8.3,GHSA-2vrf-hf26-jrp5,Medium,,npm
seed,angular,1.8.3,GHSA-qwqh-hm9m-p5hr,Medium,,npm
seed,immutable,4.3.7,GHSA-wf6x-7x77-mvgw,High,4.3.8,npm
seed,shell-quote,1.8.3,GHSA-w7jw-789q-3m8p,Critical,1.8.4,npm
seed,flatted,3.3.3,GHSA-rf6f-7fwh-wjgh,High,3.4.2,npm
seed,flatted,3.3.3,GHSA-rf6f-7fwh-wjgh,High,3.4.2,npm
seed,flatted,3.3.3,GHSA-25h7-pfq9-p65f,High,3.4.0,npm
seed,flatted,3.3.3,GHSA-25h7-pfq9-p65f,High,3.4.0,npm
seed,ws,8.18.3,GHSA-96hv-2xvq-fx4p,High,8.21.0,npm
seed,decompress,4.2.1,GHSA-mp2f-45pm-3cg9,Critical,,npm
seed,tar,2.2.2,GHSA-f5x3-32g6-xq36,Medium,6.2.1,npm
seed,tar,2.2.2,GHSA-34x7-hfp2-rc4v,High,7.5.7,npm
seed,minimatch,3.1.2,GHSA-3ppc-4f35-3m26,High,3.1.3,npm
seed,minimatch,3.1.2,GHSA-3ppc-4f35-3m26,High,3.1.3,npm
seed,socket.io-parser,4.2.5,GHSA-677m-j7p3-52f9,High,4.2.6,npm
seed,fast-uri,3.1.0,GHSA-q3j6-qgpj-74h6,High,3.1.1,npm
seed,minimatch,3.1.2,GHSA-7r86-cg39-jmmj,High,3.1.3,npm
seed,minimatch,3.1.2,GHSA-7r86-cg39-jmmj,High,3.1.3,npm
seed,tar,2.2.2,GHSA-23hp-3jrh-7fpw,Critical,7.5.19,npm
seed,fast-uri,3.1.0,GHSA-v39h-62p7-jpjc,High,3.1.2,npm
seed,minimatch,3.1.2,GHSA-23c5-xmqv-rm74,High,3.1.4,npm
seed,minimatch,3.1.2,GHSA-23c5-xmqv-rm74,High,3.1.4,npm
seed,ws,8.18.3,GHSA-58qx-3vcg-4xpx,Medium,8.20.1,npm
seed,immutable,4.3.7,GHSA-xvcm-6775-5m9r,High,4.3.9,npm
seed,immutable,4.3.7,GHSA-v56q-mh7h-f735,High,4.3.9,npm
seed,angular-ui-notification,0.3.6,GHSA-mrcj-5qxr-vhp2,Medium,,npm
seed,tar,2.2.2,GHSA-8x88-c5mf-7j5w,High,7.5.18,npm
seed,tar,2.2.2,GHSA-qffp-2rhf-9h96,High,7.5.10,npm
seed,js-yaml,4.1.1,GHSA-52cp-r559-cp3m,High,4.3.0,npm
seed,brace-expansion,1.1.12,GHSA-rgw5-rvv9-x895,High,1.1.18,npm
seed,brace-expansion,1.1.12,GHSA-rgw5-rvv9-x895,High,1.1.18,npm
seed,picomatch,2.3.1,GHSA-c2c7-rcm5-vvqj,High,2.3.2,npm
seed,picomatch,2.3.1,GHSA-c2c7-rcm5-vvqj,High,2.3.2,npm
seed,fast-uri,3.1.0,GHSA-4c8g-83qw-93j6,High,3.1.3,npm
seed,decompress,4.2.1,GHSA-h39j-r5qq-r9mm,Medium,,npm
seed,tar,2.2.2,GHSA-r292-9mhp-454m,High,7.5.21,npm
seed,postcss,8.5.14,GHSA-r28c-9q8g-f849,High,8.5.18,npm
seed,bootstrap,3.4.1,GHSA-vxmc-5x29-h64v,Medium,,npm
seed,shell-quote,1.8.3,GHSA-395f-4hp3-45gv,High,1.9.0,npm
seed,tmp,0.2.5,GHSA-ph9p-34f9-6g65,High,0.2.6,npm
seed,tar,2.2.2,GHSA-8qq5-rm4j-mr97,High,7.5.3,npm
seed,engine.io,6.6.5,GHSA-r635-g3xr-vw7x,High,6.6.7,npm
seed,socket.io-parser,4.2.5,GHSA-2m8v-j782-fhvr,High,4.2.7,npm
seed,ajv,6.12.6,GHSA-2g4f-4pwh-qvx6,Medium,6.14.0,npm
seed,ajv,8.17.1,GHSA-2g4f-4pwh-qvx6,Medium,8.18.0,npm
seed,brace-expansion,1.1.12,GHSA-mh99-v99m-4gvg,High,1.1.17,npm
seed,brace-expansion,1.1.12,GHSA-mh99-v99m-4gvg,High,1.1.17,npm
seed,angular,1.8.3,GHSA-7x27-g8rg-x87w,High,,npm
seed,brace-expansion,1.1.12,GHSA-f886-m6hf-6m8v,Medium,1.1.13,npm
seed,brace-expansion,1.1.12,GHSA-f886-m6hf-6m8v,Medium,1.1.13,npm
seed,brace-expansion,1.1.12,GHSA-3jxr-9vmj-r5cp,High,1.1.16,npm
seed,brace-expansion,1.1.12,GHSA-3jxr-9vmj-r5cp,High,1.1.16,npm
seed,nanoid,3.3.11,GHSA-28wg-ghj8-5hjv,High,3.3.16,npm
seed,nanoid,3.3.11,GHSA-2v37-7h3g-55p8,High,3.3.18,npm
seed,angular,1.8.3,GHSA-mqm9-c95h-x2p6,Low,,npm
seed,sqlparse,0.5.5,GHSA-pwgv-4x5q-6m9f,High,0.6.0,python
seed,sqlparse,0.5.5,GHSA-f2ff-p2ww-7p4p,High,0.6.0,python
seed,picomatch,2.3.1,GHSA-3v7f-55p6-f55p,Medium,2.3.2,npm
seed,picomatch,2.3.1,GHSA-3v7f-55p6-f55p,Medium,2.3.2,npm
seed,tar,2.2.2,GHSA-w8wr-v893-vjvp,Medium,7.5.18,npm
seed,tar,2.2.2,GHSA-83g3-92jg-28cx,High,7.5.8,npm
seed,sqlparse,0.5.5,GHSA-prg7-hcfm-mfcr,High,0.6.0,python
seed,angular,1.8.3,GHSA-m9gf-397r-hwpg,Low,,npm
seed,tar,2.2.2,GHSA-9ppj-qmqm-q256,High,7.5.11,npm
seed,js-yaml,4.1.1,GHSA-h67p-54hq-rp68,Medium,4.2.0,npm
seed,qs,6.14.1,GHSA-q8mj-m7cp-5q26,Medium,6.15.2,npm
seed,tar,2.2.2,GHSA-r6q2-hw4h-h46w,High,7.5.4,npm
seed,fast-uri,3.1.0,GHSA-v2hh-gcrm-f6hx,High,3.1.4,npm
seed,postcss,8.5.14,GHSA-fxqj-rqcc-2cmp,Medium,8.5.23,npm
seed,decompress,4.2.1,GHSA-jwp9-9v96-94mx,Medium,,npm
seed,bootstrap,3.4.1,GHSA-q58r-hwc8-rm9j,Medium,,npm
seed,fast-uri,3.1.0,GHSA-7p8r-x3mc-p8w7,High,3.1.5,npm
seed,qs,6.14.1,GHSA-w7fw-mjwx-w883,Low,6.14.2,npm
seed,tar,2.2.2,GHSA-gvwx-54wh-qm9j,Medium,7.5.17,npm
seed,angular-sanitize,1.8.3,GHSA-4p4w-6hg8-63wx,Medium,,npm
seed,angular,1.8.3,GHSA-j58c-ww9w-pwp5,Low,,npm
seed,body-parser,1.20.4,GHSA-v422-hmwv-36x6,Low,1.20.6,npm
seed,messageformat,1.0.2,GHSA-xfqm-j7pc-xrfc,Low,3.0.0-beta.0,npm
seed,tar,2.2.2,GHSA-vmf3-w455-68vh,Medium,7.5.16,npm
seed,sqlparse,0.5.5,GHSA-3496-9g83-7v6x,Medium,0.6.0,python
seed,@babel/core,7.29.0,GHSA-4x5r-pxfx-6jf8,Low,7.29.6,npm
seed,d3-color,1.4.1,GHSA-36jr-mh4h-2g58,High,3.1.0,npm
seed,js-yaml,4.1.1,GHSA-5p4m-2wfm-xmqj,High,4.3.1,npm
seed,follow-redirects,1.15.11,GHSA-r4q5-vmmm-2653,Medium,1.16.0,npm
validator,urllib3,2.2.3,GHSA-38jv-5279-wg99,High,2.6.3,python
validator,urllib3,2.5.0,GHSA-38jv-5279-wg99,High,2.6.3,python
validator,urllib3,2.2.3,GHSA-2xpw-w6gg-jr37,High,2.6.0,python
validator,urllib3,2.2.3,GHSA-gm62-xv2j-4w53,High,2.6.0,python
validator,urllib3,2.5.0,GHSA-2xpw-w6gg-jr37,High,2.6.0,python
validator,urllib3,2.5.0,GHSA-gm62-xv2j-4w53,High,2.6.0,python
validator,jaraco-context,6.0.1,GHSA-58pv-8j8x-9vj2,High,6.1.0,python
validator,cryptography,45.0.7,GHSA-p423-j2cm-9vmq,Medium,46.0.7,python
validator,cryptography,45.0.7,GHSA-r6ph-v2qm-q3c2,High,46.0.5,python
validator,urllib3,2.2.3,GHSA-qccp-gfcp-xxvc,High,2.7.0,python
validator,urllib3,2.5.0,GHSA-qccp-gfcp-xxvc,High,2.7.0,python
validator,idna,3.10,GHSA-65pc-fj4g-8rjx,Medium,3.15,python
validator,urllib3,2.2.3,GHSA-pq67-6m6q-mj2v,Medium,2.5.0,python
validator,urllib3,2.2.3,GHSA-48p4-8xcf-vxj5,Medium,2.5.0,python
validator,cryptography,45.0.7,GHSA-jwv3-5hgf-82ww,High,49.0.0,python
validator,cryptography,45.0.7,GHSA-g6cj-pr64-35w5,High,50.0.0,python
validator,cryptography,45.0.7,GHSA-m2h6-j472-rp4c,Medium,49.0.0,python
validator,requests,2.32.4,GHSA-gc5v-m9x4-r6x2,Medium,2.33.0,python
validator,requests,2.32.5,GHSA-gc5v-m9x4-r6x2,Medium,2.33.0,python
validator,pytest,8.3.5,GHSA-6w46-j5rx-g56g,Medium,9.0.3,python
validator,pytest,8.4.2,GHSA-6w46-j5rx-g56g,Medium,9.0.3,python
validator,cryptography,45.0.7,GHSA-m959-cc7f-wv43,Low,46.0.6,python
validator,pygments,2.19.2,GHSA-5239-wwwm-4pmq,Low,2.20.0,python
validator,actions/download-artifact,v4,GHSA-cxww-7g56-2vh6,High,4.1.3,github-action
validator,cryptography,45.0.7,GHSA-537c-gmf6-5ccf,High,48.0.1,python
validator,uv,0.8.15,GHSA-4gg8-gxpx-9rph,Medium,0.11.15,python
validator,uv,0.8.15,GHSA-pqhf-p39g-3x64,Medium,0.9.6,python
validator,pypa/gh-action-pypi-publish,release/v1,GHSA-vxmw-7h4f-hqxh,Low,1.13.0,github-action
validator,uv,0.8.15,GHSA-pjjw-68hj-v9mw,Low,0.11.6,python
validator,uv,0.8.15,GHSA-w476-p2h3-79g9,Low,0.9.5,python
